"Symbol","Series","Date","Prev Close","Open Price","High Price","Low Price","Last Price","Close Price","Average Price","Total Traded Quantity","Turnover","No. of Trades","Deliverable Qty","% Dly Qt to Traded Qty"
"TECHM","EQ","25-Apr-2019","        818.75","        820.00","        827.00","        813.45","        816.00","        816.50","        820.35","    5447101","          4468536960.05","      76442","    4585553","         84.18"
"TECHM","EQ","26-Apr-2019","        816.50","        816.50","        826.85","        816.50","        822.95","        823.25","        822.52","    1996703","          1642323295.25","      88319","    1309691","         65.59"
"TECHM","EQ","30-Apr-2019","        823.25","        825.95","        838.00","        823.10","        835.90","        836.10","        831.68","    2783771","          2315193213.10","      97271","    1595610","         57.32"
"TECHM","EQ","02-May-2019","        836.10","        834.90","        846.50","        829.10","        836.00","        837.00","        836.89","    3241791","          2713026986.55","     114374","    1755749","         54.16"
"TECHM","EQ","03-May-2019","        837.00","        830.00","        834.45","        813.00","        815.15","        817.40","        819.35","    2329144","          1908387474.00","      57384","    1202137","         51.61"
"TECHM","EQ","06-May-2019","        817.40","        810.00","        825.50","        810.00","        819.80","        820.15","        821.35","    1247845","          1024913989.60","      29468","     515908","         41.34"
"TECHM","EQ","07-May-2019","        820.15","        822.00","        824.30","        809.70","        812.00","        814.65","        815.84","    1810222","          1476849389.75","      42567","    1192183","         65.86"
"TECHM","EQ","08-May-2019","        814.65","        813.00","        814.10","        799.60","        803.00","        802.30","        805.68","    1270071","          1023265358.20","      39273","     636237","         50.09"
"TECHM","EQ","09-May-2019","        802.30","        801.00","        814.75","        799.20","        810.40","        809.65","        808.56","    2024710","          1637098639.45","      82893","    1208538","         59.69"
"TECHM","EQ","10-May-2019","        809.65","        810.40","        813.40","        800.40","        813.40","        808.40","        808.87","    1429055","          1155923386.60","      81361","     761816","         53.31"
"TECHM","EQ","13-May-2019","        808.40","        811.60","        825.70","        809.20","        815.00","        817.30","        819.62","    3719275","          3048406243.85","     158329","    2058216","         55.34"
"TECHM","EQ","14-May-2019","        817.30","        818.80","        818.80","        786.60","        792.10","        790.05","        795.59","    2701861","          2149579448.15","     119561","    1112171","         41.16"
"TECHM","EQ","15-May-2019","        790.05","        791.00","        798.40","        785.55","        787.90","        790.30","        791.87","    1662095","          1316165687.75","      48449","     700518","         42.15"
"TECHM","EQ","16-May-2019","        790.30","        788.65","        794.75","        781.35","        790.05","        789.35","        788.13","    1233818","           972410529.90","      75906","     604800","         49.02"
"TECHM","EQ","17-May-2019","        789.35","        793.00","        793.00","        776.55","        784.50","        784.85","        783.19","    1608854","          1260037273.10","      56094","     824875","         51.27"
"TECHM","EQ","20-May-2019","        784.85","        790.00","        790.00","        763.00","        778.90","        779.35","        771.71","    3754370","          2897298272.20","      77230","    1802731","         48.02"
"TECHM","EQ","21-May-2019","        779.35","        780.00","        784.80","        768.10","        770.35","        773.05","        774.80","    1669926","          1293860628.60","      56099","     597609","         35.79"
"TECHM","EQ","22-May-2019","        773.05","        758.00","        767.35","        744.20","        750.00","        749.95","        752.24","    5888740","          4429736675.60","     122182","    1659305","         28.18"
"TECHM","EQ","23-May-2019","        749.95","        760.00","        761.35","        740.55","        745.00","        743.30","        748.80","    3764857","          2819137953.80","     112611","    1929409","         51.25"
"TECHM","EQ","24-May-2019","        743.30","        749.90","        749.90","        732.05","        737.00","        735.85","        736.64","    3591853","          2645887469.75","     130989","    2201623","         61.29"
"TECHM","EQ","27-May-2019","        735.85","        737.00","        738.00","        719.50","        727.10","        726.05","        726.03","    3672605","          2666429330.80","     167633","    2264442","         61.66"
"TECHM","EQ","28-May-2019","        726.05","        727.00","        746.75","        727.00","        737.45","        737.15","        736.42","    5583587","          4111891276.80","     122694","    3790055","         67.88"
"TECHM","EQ","29-May-2019","        737.15","        736.95","        748.25","        733.65","        740.00","        738.85","        741.04","    2058402","          1525364028.05","      84278","     985278","         47.87"
"TECHM","EQ","30-May-2019","        738.85","        741.50","        746.00","        732.95","        733.75","        735.00","        737.02","    3367426","          2481854836.40","     105246","    2395502","         71.14"
"TECHM","EQ","31-May-2019","        735.00","        740.00","        763.80","        738.15","        763.00","        760.35","        755.18","    5503111","          4155822644.10","     139476","    2955037","         53.70"
"TECHM","EQ","03-Jun-2019","        760.35","        763.90","        763.90","        749.00","        758.70","        757.60","        756.15","    2826290","          2137108592.65","      81813","    1469614","         52.00"
"TECHM","EQ","04-Jun-2019","        757.60","        756.30","        762.70","        746.80","        750.00","        748.30","        753.51","    2332547","          1757586656.55","     101080","    1359024","         58.26"
"TECHM","EQ","06-Jun-2019","        748.30","        748.30","        749.30","        733.90","        737.95","        738.00","        739.29","    3225967","          2384911627.30","     115661","    2094935","         64.94"
"TECHM","EQ","07-Jun-2019","        738.00","        738.10","        752.70","        729.40","        749.00","        750.75","        741.98","    1569343","          1164428572.10","      47068","     596988","         38.04"
"TECHM","EQ","10-Jun-2019","        750.75","        755.45","        769.35","        754.05","        768.85","        768.20","        765.95","    2539412","          1945058063.60","      60342","    1379249","         54.31"
"TECHM","EQ","11-Jun-2019","        768.20","        770.00","        770.75","        759.25","        762.00","        762.10","        763.70","    2069998","          1580855889.15","      56376","    1423188","         68.75"
"TECHM","EQ","12-Jun-2019","        762.10","        762.00","        764.30","        743.30","        748.50","        747.95","        750.30","    3056823","          2293524223.10","      84369","    1995778","         65.29"
"TECHM","EQ","13-Jun-2019","        747.95","        744.00","        752.70","        738.50","        743.60","        744.10","        744.27","    2385606","          1775534263.60","      92300","    1346058","         56.42"
"TECHM","EQ","14-Jun-2019","        744.10","        744.00","        746.65","        735.30","        738.00","        740.25","        739.90","    1348083","           997446012.15","      59525","     756426","         56.11"
"TECHM","EQ","17-Jun-2019","        740.25","        740.00","        743.15","        734.05","        734.25","        736.55","        737.95","    1333739","           984238189.50","      56351","     834133","         61.95"
"TECHM","EQ","18-Jun-2019","        736.55","        737.90","        744.40","        736.05","        741.05","        741.55","        741.17","    1645116","          1219302844.60","      60573","     997255","         59.64"
"TECHM","EQ","19-Jun-2019","        741.55","        742.00","        744.30","        729.55","        735.15","        735.60","        735.55","    1945921","          1431329281.40","      49523","    1188494","         61.08"
"TECHM","EQ","20-Jun-2019","        735.60","        722.00","        731.00","        717.85","        726.75","        725.55","        723.80","    4139025","          2995823131.25","     137076","    2793127","         67.48"
"TECHM","EQ","21-Jun-2019","        725.55","        729.00","        744.00","        726.50","        736.00","        740.45","        738.25","    7280809","          5375050435.95","     105379","    4957066","         68.08"
"TECHM","EQ","24-Jun-2019","        740.45","        738.00","        738.00","        727.00","        727.00","        728.25","        730.07","    1242655","           907228688.70","      50994","     590256","         47.50"
"TECHM","EQ","25-Jun-2019","        728.25","        727.00","        728.15","        720.00","        724.50","        724.35","        724.11","    1451025","          1050708467.05","      61333","     811716","         55.94"
"TECHM","EQ","26-Jun-2019","        724.35","        721.30","        730.85","        716.40","        718.15","        718.10","        722.47","    2781711","          2009698779.80","      87009","    1842756","         66.25"
"TECHM","EQ","27-Jun-2019","        718.10","        715.50","        719.00","        691.65","        703.05","        701.95","        702.15","    8567309","          6015536260.65","     159967","    4455458","         52.01"
"TECHM","EQ","28-Jun-2019","        701.95","        706.90","        715.00","        704.10","        707.45","        706.60","        710.07","    3421172","          2429275020.65","      76706","    1523550","         44.53"
"TECHM","EQ","01-Jul-2019","        706.60","        709.70","        711.20","        702.35","        704.50","        704.65","        706.12","    2073961","          1464475590.60","      67466","    1295305","         62.46"
"TECHM","EQ","02-Jul-2019","        704.65","        702.05","        713.00","        700.25","        712.00","        711.65","        706.03","    2432132","          1717154070.85","      47227","    1289054","         53.00"
"TECHM","EQ","03-Jul-2019","        711.65","        713.00","        713.45","        698.50","        701.40","        701.10","        704.65","    2040614","          1437923176.65","      75495","    1202398","         58.92"
"TECHM","EQ","04-Jul-2019","        701.10","        701.40","        706.75","        697.00","        700.45","        700.60","        700.53","    2838357","          1988363496.25","      48173","    1803110","         63.53"
"TECHM","EQ","05-Jul-2019","        700.60","        700.50","        703.00","        678.30","        679.15","        681.10","        691.56","    2813644","          1945812501.00","      84389","    1697382","         60.33"
"TECHM","EQ","08-Jul-2019","        681.10","        680.00","        685.75","        665.50","        681.00","        680.35","        679.83","    2293102","          1558922676.20","      75009","    1236795","         53.94"
"TECHM","EQ","09-Jul-2019","        680.35","        681.00","        684.00","        668.60","        673.00","        675.90","        674.99","    2180104","          1471550528.40","      65454","    1159298","         53.18"
"TECHM","EQ","10-Jul-2019","        675.90","        671.05","        684.80","        668.00","        675.50","        674.85","        675.79","    2468773","          1668376584.65","      68472","    1167342","         47.28"
"TECHM","EQ","11-Jul-2019","        674.85","        676.70","        676.70","        658.40","        665.35","        665.70","        664.40","    3449721","          2291986119.20","     112558","    2014086","         58.38"
"TECHM","EQ","12-Jul-2019","        665.70","        665.00","        672.90","        663.00","        667.40","        665.80","        667.56","    1792810","          1196816107.50","      62824","     831372","         46.37"
"TECHM","EQ","15-Jul-2019","        665.80","        675.00","        680.70","        665.85","        679.55","        677.90","        672.65","    1883164","          1266705631.40","      64529","     724599","         38.48"
"TECHM","EQ","16-Jul-2019","        677.90","        680.00","        681.60","        670.50","        676.50","        675.95","        675.83","    2015642","          1362240918.75","      59251","     983688","         48.80"
"TECHM","EQ","17-Jul-2019","        675.95","        675.95","        695.50","        673.05","        690.30","        690.80","        688.64","    3271680","          2253018005.45","      59693","    1490547","         45.56"
"TECHM","EQ","18-Jul-2019","        690.80","        687.35","        694.25","        680.10","        687.00","        687.20","        686.96","    2984256","          2050077812.65","     114958","    1803369","         60.43"
"TECHM","EQ","19-Jul-2019","        687.20","        687.20","        691.50","        664.40","        675.00","        675.05","        674.79","    2005513","          1353302283.90","      65173","     892212","         44.49"
"TECHM","EQ","22-Jul-2019","        675.05","        671.00","        679.00","        670.00","        671.90","        671.95","        673.89","    1286218","           866763843.10","      50991","     671392","         52.20"
"TECHM","EQ","23-Jul-2019","        671.95","        673.25","        675.55","        665.75","        670.00","        671.20","        670.56","    1462269","           980538456.75","      51633","     735824","         50.32"
"TECHM","EQ","24-Jul-2019","        671.20","        670.35","        679.80","        651.45","        662.75","        660.45","        665.00","    3060459","          2035218113.15","      84614","    1854519","         60.60"
"TECHM","EQ","25-Jul-2019","        660.45","        647.80","        657.65","        641.50","        654.40","        652.50","        651.57","    2751865","          1793046235.65","      77942","    1517040","         55.13"
"TECHM","EQ","26-Jul-2019","        652.50","        649.70","        651.00","        641.05","        644.75","        643.50","        644.77","    1637706","          1055942726.25","      71662","     949989","         58.01"
"TECHM","EQ","29-Jul-2019","        643.50","        641.00","        654.65","        641.00","        644.00","        646.30","        647.45","    2524484","          1634480344.15","      87200","    1157415","         45.85"
"TECHM","EQ","30-Jul-2019","        646.30","        645.00","        650.30","        633.15","        640.90","        640.25","        641.01","    2882913","          1847979998.65","      69347","    1709570","         59.30"
"TECHM","EQ","31-Jul-2019","        640.25","        629.00","        639.80","        607.15","        635.20","        636.25","        622.80","    9651731","          6011112620.80","     199316","    4558232","         47.23"
"TECHM","EQ","01-Aug-2019","        636.25","        632.05","        633.45","        619.00","        625.30","        625.65","        624.64","    3982949","          2487899211.15","     136151","    2489585","         62.51"
"TECHM","EQ","02-Aug-2019","        625.65","        625.00","        639.10","        618.40","        636.80","        636.15","        628.76","    2172845","          1366194089.50","     106712","    1169645","         53.83"
"TECHM","EQ","05-Aug-2019","        636.15","        631.15","        651.05","        625.30","        649.85","        648.05","        640.94","    3140140","          2012626836.40","     105725","    1720951","         54.80"
"TECHM","EQ","06-Aug-2019","        648.05","        650.10","        679.85","        650.10","        672.00","        670.60","        666.71","    7226321","          4817842777.50","     227458","    3916518","         54.20"
"TECHM","EQ","07-Aug-2019","        670.60","        671.80","        678.50","        670.30","        673.85","        674.45","        675.31","    3239880","          2187918307.65","     141330","    2261509","         69.80"
"TECHM","EQ","08-Aug-2019","        674.45","        674.00","        683.90","        665.00","        680.00","        680.20","        674.29","    2708834","          1826531900.25","     143165","    1389475","         51.29"
"TECHM","EQ","09-Aug-2019","        680.20","        679.00","        680.75","        659.75","        663.00","        663.35","        674.41","    3743407","          2524591106.05","     124738","    2218854","         59.27"
"TECHM","EQ","13-Aug-2019","        663.35","        661.10","        662.50","        636.00","        640.30","        639.15","        643.96","    2716622","          1749395304.70","      81290","    1583253","         58.28"
"TECHM","EQ","14-Aug-2019","        639.15","        639.05","        662.50","        638.90","        658.75","        659.10","        654.84","    2627043","          1720291636.45","      92143","    1508436","         57.42"
"TECHM","EQ","16-Aug-2019","        659.10","        656.90","        661.00","        646.15","        659.05","        659.00","        652.65","    3067796","          2002182061.55","     105567","    2103903","         68.58"
"TECHM","EQ","19-Aug-2019","        659.00","        662.00","        674.40","        661.50","        673.90","        670.35","        668.17","    2871173","          1918420660.65","      80122","    1785683","         62.19"
"TECHM","EQ","20-Aug-2019","        670.35","        674.00","        680.00","        664.65","        669.15","        668.90","        670.98","    3913608","          2625939688.90","      63954","    2219664","         56.72"
"TECHM","EQ","21-Aug-2019","        668.90","        670.00","        675.00","        669.30","        673.70","        672.80","        672.39","    2106655","          1416500798.35","      92058","    1218094","         57.82"
"TECHM","EQ","22-Aug-2019","        672.80","        672.65","        684.00","        668.10","        683.00","        682.75","        678.72","    3353812","          2276307779.45","     121484","    2047581","         61.05"
"TECHM","EQ","23-Aug-2019","        682.75","        684.25","        694.40","        679.40","        687.00","        683.85","        688.86","    7015461","          4832688722.50","     141603","    4929308","         70.26"
"TECHM","EQ","26-Aug-2019","        683.85","        689.80","        693.00","        670.20","        690.80","        691.15","        684.13","    1767289","          1209048282.95","      40938","     835056","         47.25"
"TECHM","EQ","27-Aug-2019","        691.15","        689.85","        689.85","        673.20","        675.10","        676.35","        680.63","    3160545","          2151154068.05","     106806","    2154733","         68.18"
"TECHM","EQ","28-Aug-2019","        676.35","        676.00","        693.45","        676.00","        687.25","        690.20","        686.83","    2749273","          1888276098.10","      73548","    1733113","         63.04"
"TECHM","EQ","29-Aug-2019","        690.20","        684.15","        694.00","        681.00","        692.00","        691.15","        689.93","    2789979","          1924881195.55","      61174","    1603322","         57.47"
"TECHM","EQ","30-Aug-2019","        691.15","        693.00","        700.70","        675.85","        696.00","        693.65","        685.56","    3067856","          2103187185.40","      77204","    1731106","         56.43"
"TECHM","EQ","03-Sep-2019","        693.65","        698.00","        716.90","        698.00","        703.00","        704.50","        709.64","    5044667","          3579901689.50","     105071","    2380036","         47.18"
"TECHM","EQ","04-Sep-2019","        704.50","        705.00","        709.75","        692.20","        703.00","        703.25","        700.50","    2027768","          1420456188.45","     111385","     835657","         41.21"
"TECHM","EQ","05-Sep-2019","        703.25","        710.00","        710.00","        691.05","        695.00","        695.45","        697.54","    2019839","          1408924120.65","     118727","    1060199","         52.49"
"TECHM","EQ","06-Sep-2019","        695.45","        716.35","        734.45","        716.35","        722.25","        721.75","        726.00","   10663234","          7741539988.70","     232742","    2694066","         25.26"
"TECHM","EQ","09-Sep-2019","        721.75","        723.00","        723.00","        710.00","        714.00","        712.90","        713.61","    1754023","          1251679803.60","      55813","     602705","         34.36"
"TECHM","EQ","11-Sep-2019","        712.90","        718.00","        723.25","        701.25","        703.10","        703.70","        705.03","    2702792","          1905558859.40","      90136","    1379007","         51.02"
"TECHM","EQ","12-Sep-2019","        703.70","        701.10","        709.20","        694.00","        705.55","        705.55","        701.29","    3282740","          2302144196.50","      98170","    1734439","         52.84"
"TECHM","EQ","13-Sep-2019","        705.55","        705.25","        711.30","        701.00","        708.60","        709.50","        707.60","    1073430","           759557028.75","      38470","     297173","         27.68"
"TECHM","EQ","16-Sep-2019","        709.50","        710.10","        723.25","        710.10","        719.05","        719.45","        715.65","    2500556","          1789530048.30","      63251","    1337297","         53.48"
"TECHM","EQ","17-Sep-2019","        719.45","        719.90","        719.90","        699.15","        707.50","        705.95","        704.23","    2948429","          2076382897.00","      82466","    1678120","         56.92"
"TECHM","EQ","18-Sep-2019","        705.95","        710.00","        718.10","        701.90","        717.40","        716.75","        711.91","    1666369","          1186301820.90","      63002","     867385","         52.05"
"TECHM","EQ","19-Sep-2019","        716.75","        715.70","        715.70","        700.00","        701.20","        703.35","        704.54","    1570183","          1106250243.85","      53272","     704082","         44.84"
"TECHM","EQ","20-Sep-2019","        703.35","        701.30","        716.20","        696.05","        700.00","        700.85","        702.57","    3394351","          2384756092.50","      90442","    1723165","         50.77"
"TECHM","EQ","23-Sep-2019","        700.85","        703.00","        704.95","        675.10","        687.80","        682.80","        686.30","    2256769","          1548810032.55","      63115","     876500","         38.84"
"TECHM","EQ","24-Sep-2019","        682.80","        686.05","        705.90","        683.70","        704.05","        703.85","        698.83","    3128057","          2185982288.85","      97152","    1392553","         44.52"
"TECHM","EQ","25-Sep-2019","        703.85","        704.05","        709.95","        698.00","        705.50","        705.90","        706.03","    3512690","          2480053904.40","     104443","    2250800","         64.08"
"TECHM","EQ","26-Sep-2019","        705.90","        705.45","        716.00","        701.80","        713.30","        713.70","        711.51","    3300104","          2348065687.35","      95593","    1294801","         39.24"
"TECHM","EQ","27-Sep-2019","        713.70","        710.00","        718.65","        702.05","        704.30","        704.30","        710.02","    2434719","          1728697731.00","      54926","    1320177","         54.22"
"TECHM","EQ","30-Sep-2019","        704.30","        704.50","        716.60","        696.20","        716.00","        714.50","        710.69","    2136186","          1518158925.70","      74521","     954694","         44.69"
"TECHM","EQ","01-Oct-2019","        714.50","        715.00","        715.00","        700.00","        704.85","        704.95","        706.17","    1709480","          1207179651.05","      74027","     893915","         52.29"
"TECHM","EQ","03-Oct-2019","        704.95","        705.25","        717.75","        692.55","        701.00","        702.50","        706.88","    2111319","          1492456955.70","      66490","     957455","         45.35"
"TECHM","EQ","04-Oct-2019","        702.50","        705.00","        713.80","        702.55","        707.40","        708.15","        708.24","    2273166","          1609950113.90","      61065","    1368809","         60.22"
"TECHM","EQ","07-Oct-2019","        708.15","        708.15","        716.80","        700.70","        702.70","        704.80","        705.96","    2578403","          1820246371.05","      40481","    1638392","         63.54"
"TECHM","EQ","09-Oct-2019","        704.80","        702.80","        713.90","        701.85","        711.00","        711.05","        708.06","    1115851","           790089117.05","      40510","     469821","         42.10"
"TECHM","EQ","10-Oct-2019","        711.05","        708.05","        718.85","        703.50","        709.10","        711.30","        712.76","    1507268","          1074323774.50","      51535","     552517","         36.66"
"TECHM","EQ","11-Oct-2019","        711.30","        701.30","        723.90","        697.50","        721.00","        721.45","        710.48","    3785425","          2689484722.25","      62872","    1599001","         42.24"
"TECHM","EQ","14-Oct-2019","        721.45","        721.00","        728.65","        717.45","        721.50","        720.75","        722.70","    1871571","          1352580298.90","      34218","     733662","         39.20"
"TECHM","EQ","15-Oct-2019","        720.75","        724.00","        729.00","        719.00","        720.90","        720.50","        722.77","    1482881","          1071783724.30","      51020","     553582","         37.33"
"TECHM","EQ","16-Oct-2019","        720.50","        720.10","        729.75","        717.70","        728.00","        727.70","        724.72","    2114943","          1532736123.70","      55471","    1166509","         55.16"
"TECHM","EQ","17-Oct-2019","        727.70","        725.00","        731.00","        715.95","        724.80","        724.35","        721.12","    2177984","          1570578737.35","      55236","    1219688","         56.00"
"TECHM","EQ","18-Oct-2019","        724.35","        724.45","        737.75","        722.70","        734.35","        734.20","        731.68","    2907649","          2127481940.30","      49576","    1881017","         64.69"
"TECHM","EQ","22-Oct-2019","        734.20","        727.40","        732.00","        714.30","        719.00","        717.65","        723.95","    2825230","          2045317100.90","      75099","    1964740","         69.54"
"TECHM","EQ","23-Oct-2019","        717.65","        717.65","        734.40","        716.35","        725.50","        726.60","        727.85","    2143330","          1560025268.60","      53289","     872352","         40.70"
"TECHM","EQ","24-Oct-2019","        726.60","        730.00","        745.00","        724.40","        725.80","        726.35","        735.73","    2888332","          2125024233.75","      79017","    1052534","         36.44"
"TECHM","EQ","25-Oct-2019","        726.35","        730.90","        730.90","        701.20","        721.00","        720.95","        716.86","    2785014","          1996457841.65","      80528","    1195513","         42.93"
"TECHM","EQ","27-Oct-2019","        720.95","        723.00","        737.40","        718.50","        735.00","        726.75","        726.08","     194215","           141016479.50","       4190","      49980","         25.73"
"TECHM","EQ","29-Oct-2019","        726.75","        728.00","        763.00","        725.10","        754.30","        754.75","        746.45","    3292048","          2457338967.90","      56555","    1295605","         39.36"
"TECHM","EQ","30-Oct-2019","        754.75","        762.00","        764.80","        745.55","        754.20","        754.40","        753.91","    2232609","          1683192245.05","      44427","     889833","         39.86"
"TECHM","EQ","31-Oct-2019","        754.40","        754.95","        759.35","        736.60","        739.00","        739.00","        743.93","    4178139","          3108223612.00","      89453","    2702915","         64.69"
"TECHM","EQ","01-Nov-2019","        739.00","        740.90","        764.00","        740.00","        758.25","        760.45","        754.29","    4136257","          3119942024.30","      81952","    2206438","         53.34"
"TECHM","EQ","04-Nov-2019","        760.45","        760.45","        777.60","        753.45","        769.35","        769.50","        767.43","    4936914","          3788725395.90","     121621","    2253548","         45.65"
"TECHM","EQ","05-Nov-2019","        769.50","        772.00","        775.55","        764.80","        774.50","        773.25","        770.83","    3303839","          2546688951.05","      59162","    1565668","         47.39"
"TECHM","EQ","06-Nov-2019","        773.25","        784.00","        784.00","        767.60","        769.60","        771.90","        775.25","    9486591","          7354464954.90","     150118","    4431865","         46.72"
"TECHM","EQ","07-Nov-2019","        771.90","        775.00","        775.00","        765.05","        770.65","        769.70","        770.21","    2060900","          1587326686.35","      53305","    1115080","         54.11"
"TECHM","EQ","08-Nov-2019","        769.70","        772.00","        777.85","        770.30","        772.00","        771.35","        772.66","    2368591","          1830104805.15","      47466","    1709665","         72.18"
"TECHM","EQ","11-Nov-2019","        771.35","        769.95","        774.50","        768.05","        769.00","        770.40","        771.16","    1345883","          1037891133.55","      30246","     774670","         57.56"
"TECHM","EQ","13-Nov-2019","        770.40","        768.00","        773.80","        746.00","        754.05","        757.05","        759.99","    2434874","          1850481218.25","      31756","    1216695","         49.97"
"TECHM","EQ","14-Nov-2019","        757.05","        756.00","        763.50","        748.30","        760.90","        758.35","        755.75","    2564424","          1938070010.60","      83610","    1406786","         54.86"
"TECHM","EQ","15-Nov-2019","        758.35","        758.35","        763.25","        749.30","        752.40","        751.95","        755.09","    1787358","          1349613762.50","      25176","    1134715","         63.49"
"TECHM","EQ","18-Nov-2019","        751.95","        752.00","        758.30","        747.50","        753.10","        751.80","        752.60","    2216434","          1668092169.80","      79112","    1431421","         64.58"
"TECHM","EQ","19-Nov-2019","        751.80","        754.00","        766.00","        752.00","        763.25","        763.15","        762.97","    2725437","          2079413589.50","      68836","    1733375","         63.60"
"TECHM","EQ","20-Nov-2019","        763.15","        764.90","        773.00","        755.95","        771.40","        771.40","        765.68","    2343750","          1794570065.80","      50886","    1454080","         62.04"
"TECHM","EQ","21-Nov-2019","        771.40","        775.00","        780.00","        762.80","        765.00","        765.15","        770.43","    2102137","          1619547659.75","      78362","    1126309","         53.58"
"TECHM","EQ","22-Nov-2019","        765.15","        765.00","        765.00","        742.80","        753.10","        754.20","        750.01","    1819912","          1364949259.65","      51839","     734250","         40.35"
"TECHM","EQ","25-Nov-2019","        754.20","        754.20","        765.70","        750.85","        764.00","        763.55","        762.72","    1837243","          1401299327.00","      82762","    1112250","         60.54"
"TECHM","EQ","26-Nov-2019","        763.55","        766.00","        767.85","        756.30","        757.80","        763.60","        763.38","    2968850","          2266360522.75","      63202","    1485063","         50.02"
"TECHM","EQ","27-Nov-2019","        763.60","        762.85","        769.55","        757.35","        768.00","        767.55","        764.47","    1369944","          1047282875.75","      46728","     771501","         56.32"
"TECHM","EQ","28-Nov-2019","        767.55","        765.15","        772.10","        762.00","        763.45","        766.25","        767.67","    1096867","           842027464.00","      47121","     598518","         54.57"
"TECHM","EQ","29-Nov-2019","        766.25","        766.00","        772.35","        758.40","        760.00","        761.45","        764.59","    1236902","           945724883.70","      31803","     677500","         54.77"
"TECHM","EQ","02-Dec-2019","        761.45","        758.10","        759.90","        732.30","        745.55","        748.45","        740.90","    4333335","          3210560838.25","     103882","    1813434","         41.85"
"TECHM","EQ","03-Dec-2019","        748.45","        748.05","        756.70","        743.30","        746.00","        746.25","        750.63","    1838085","          1379716051.95","      46272","     766080","         41.68"
"TECHM","EQ","04-Dec-2019","        746.25","        746.90","        761.50","        743.55","        758.00","        758.80","        755.83","    1870954","          1414123541.85","      70737","    1163058","         62.16"
"TECHM","EQ","05-Dec-2019","        758.80","        755.00","        766.75","        752.10","        763.20","        764.90","        763.73","    2475102","          1890308976.25","      69198","    1660873","         67.10"
"TECHM","EQ","06-Dec-2019","        764.90","        763.20","        771.35","        755.55","        758.00","        757.50","        763.82","    1092422","           834414201.45","      34308","     404503","         37.03"
"TECHM","EQ","09-Dec-2019","        757.50","        759.45","        759.45","        746.50","        751.00","        750.35","        751.52","    1435556","          1078853549.35","      36008","     689493","         48.03"
"TECHM","EQ","10-Dec-2019","        750.35","        749.95","        749.95","        737.30","        744.90","        744.95","        742.24","    1582428","          1174548270.05","      55128","     633863","         40.06"
"TECHM","EQ","11-Dec-2019","        744.95","        741.00","        760.00","        741.00","        759.00","        757.95","        755.21","    1644499","          1241946718.00","      54932","     807624","         49.11"
"TECHM","EQ","12-Dec-2019","        757.95","        761.00","        766.00","        752.50","        753.15","        756.45","        760.61","    1184008","           900570962.05","      65319","     550180","         46.47"
"TECHM","EQ","13-Dec-2019","        756.45","        758.95","        763.95","        748.25","        759.60","        761.85","        756.19","    2019424","          1527067731.95","      49584","    1048591","         51.93"
"TECHM","EQ","16-Dec-2019","        761.85","        762.70","        784.00","        759.00","        774.50","        773.30","        776.68","    5810893","          4513221405.60","      93819","    2316293","         39.86"
"TECHM","EQ","17-Dec-2019","        773.30","        775.55","        782.00","        772.60","        778.70","        777.35","        777.55","    2421510","          1882842810.15","      80528","    1095904","         45.26"
"TECHM","EQ","18-Dec-2019","        777.35","        780.10","        794.00","        780.10","        789.00","        786.65","        786.97","    5676894","          4467550764.50","     117473","    2769968","         48.79"
"TECHM","EQ","19-Dec-2019","        786.65","        790.00","        790.00","        778.10","        781.00","        782.75","        782.57","    2099931","          1643345390.80","      50138","    1301355","         61.97"
"TECHM","EQ","20-Dec-2019","        782.75","        784.05","        787.70","        778.00","        783.00","        783.35","        782.42","    2092547","          1637256931.05","      72928","    1449167","         69.25"
"TECHM","EQ","23-Dec-2019","        783.35","        778.60","        787.40","        774.95","        775.35","        775.95","        778.81","    1887292","          1469839267.90","      44851","    1341821","         71.10"
"TECHM","EQ","24-Dec-2019","        775.95","        776.00","        777.95","        767.60","        770.95","        772.05","        771.47","    1413973","          1090841316.30","      34545","     618746","         43.76"
"TECHM","EQ","26-Dec-2019","        772.05","        771.00","        779.05","        768.05","        772.00","        770.40","        774.04","    1276520","           988080734.45","      33394","     244985","         19.19"
"TECHM","EQ","27-Dec-2019","        770.40","        771.00","        781.40","        769.10","        781.20","        780.20","        777.37","    1363474","          1059918239.75","      29682","     724379","         53.13"
"TECHM","EQ","30-Dec-2019","        780.20","        782.70","        784.85","        779.10","        781.55","        782.70","        782.67","    1055528","           826133202.95","      26987","     662921","         62.80"
"TECHM","EQ","31-Dec-2019","        782.70","        780.05","        780.95","        760.00","        761.20","        762.30","        766.52","    3004887","          2303320752.95","      53341","     633281","         21.08"
"TECHM","EQ","01-Jan-2020","        762.30","        766.00","        766.80","        760.35","        761.90","        762.10","        763.39","     746371","           569775063.25","      17126","     147395","         19.75"
"TECHM","EQ","02-Jan-2020","        762.10","        762.10","        769.15","        761.00","        766.00","        766.05","        766.33","    1133488","           868629849.90","      50776","     518229","         45.72"
"TECHM","EQ","03-Jan-2020","        766.05","        766.00","        779.90","        763.55","        775.00","        775.10","        775.14","    2121704","          1644607528.20","      54537","     881327","         41.54"
"TECHM","EQ","06-Jan-2020","        775.10","        774.85","        778.80","        768.15","        769.00","        770.40","        773.70","    1734439","          1341937267.05","      52469","     840496","         48.46"
"TECHM","EQ","07-Jan-2020","        770.40","        770.00","        778.50","        760.60","        776.65","        777.10","        770.90","    1937143","          1493338619.15","      36396","     725429","         37.45"
"TECHM","EQ","08-Jan-2020","        777.10","        770.10","        784.90","        767.10","        768.10","        769.80","        776.33","    2596664","          2015873635.75","      56014","     981759","         37.81"
"TECHM","EQ","09-Jan-2020","        769.80","        770.50","        776.45","        762.20","        774.00","        773.65","        770.18","    1678891","          1293041412.05","      49933","     626300","         37.30"
"TECHM","EQ","10-Jan-2020","        773.65","        779.00","        781.90","        772.45","        778.95","        776.25","        776.70","    1105725","           858811903.65","      35828","     502460","         45.44"
"TECHM","EQ","13-Jan-2020","        776.25","        779.90","        788.70","        775.05","        786.00","        785.85","        784.79","    1393509","          1093614874.65","      26980","     523121","         37.54"
"TECHM","EQ","14-Jan-2020","        785.85","        785.85","        797.80","        783.70","        796.30","        796.25","        790.88","    1628535","          1287971903.60","      53736","     830392","         50.99"
"TECHM","EQ","15-Jan-2020","        796.25","        796.15","        803.65","        788.50","        791.60","        795.15","        796.05","    1759644","          1400763787.10","      44354","     705203","         40.08"
"TECHM","EQ","16-Jan-2020","        795.15","        793.00","        795.70","        781.10","        784.00","        782.85","        785.33","    1110008","           871717406.85","      53657","     442760","         39.89"
"TECHM","EQ","17-Jan-2020","        782.85","        783.50","        786.75","        775.50","        778.05","        778.45","        780.14","     989312","           771805387.35","      49622","     490715","         49.60"
"TECHM","EQ","20-Jan-2020","        778.45","        778.50","        785.45","        774.55","        780.00","        778.20","        779.94","    1620105","          1263588653.90","      52213","     975138","         60.19"
"TECHM","EQ","21-Jan-2020","        778.20","        777.25","        783.40","        775.00","        779.50","        778.90","        779.20","     976954","           761243503.15","      54605","     433814","         44.40"
"TECHM","EQ","22-Jan-2020","        778.90","        780.00","        790.45","        776.20","        778.55","        778.75","        781.75","    1192201","           932006704.35","      42351","     512037","         42.95"
"TECHM","EQ","23-Jan-2020","        778.75","        777.25","        780.45","        766.90","        769.50","        768.95","        771.39","    2018777","          1557260996.85","      82067","    1289079","         63.85"
"TECHM","EQ","24-Jan-2020","        768.95","        765.10","        788.75","        763.30","        786.90","        787.30","        777.05","    2364265","          1837162288.25","      76417","    1348773","         57.05"
"TECHM","EQ","27-Jan-2020","        787.30","        786.00","        796.25","        779.65","        792.10","        791.50","        790.45","    1175606","           929252238.20","      26671","     397423","         33.81"
"TECHM","EQ","28-Jan-2020","        791.50","        792.50","        795.75","        784.60","        794.70","        794.25","        791.36","    1506685","          1192332300.20","      61577","     738077","         48.99"
"TECHM","EQ","29-Jan-2020","        794.25","        796.90","        807.20","        793.55","        803.75","        804.15","        802.33","    2565136","          2058091994.60","     122141","    1158240","         45.15"
"TECHM","EQ","30-Jan-2020","        804.15","        805.60","        807.95","        784.00","        794.50","        791.35","        792.84","    2493688","          1977092054.85","      70718","    1391962","         55.82"
"TECHM","EQ","31-Jan-2020","        791.35","        796.85","        802.50","        783.00","        800.00","        796.60","        794.80","    3081521","          2449207466.05","      62114","    1077760","         34.97"
"TECHM","EQ","01-Feb-2020","        796.60","        796.95","        812.00","        765.70","        807.00","        807.55","        792.93","    6476968","          5135770889.55","      92958","    3091832","         47.74"
"TECHM","EQ","03-Feb-2020","        807.55","        808.00","        818.70","        790.50","        793.20","        793.15","        807.99","    3383074","          2733487456.95","      87563","    1386323","         40.98"
"TECHM","EQ","04-Feb-2020","        793.15","        794.30","        813.00","        794.30","        811.00","        811.10","        807.49","    1779834","          1437197155.80","      54008","     868911","         48.82"
"TECHM","EQ","05-Feb-2020","        811.10","        810.00","        816.00","        807.00","        811.95","        814.05","        811.94","    1613898","          1310385938.20","      56554","     809231","         50.14"
"TECHM","EQ","06-Feb-2020","        814.05","        812.70","        825.95","        810.05","        817.00","        817.70","        819.05","    1553656","          1272523744.20","      50057","     652671","         42.01"
"TECHM","EQ","07-Feb-2020","        817.70","        817.70","        825.45","        814.25","        822.65","        824.45","        820.73","    1397438","          1146921010.10","      47565","     826809","         59.17"
"TECHM","EQ","10-Feb-2020","        824.45","        827.00","        827.10","        811.50","        812.50","        813.65","        815.58","    1098971","           896298071.45","      36704","     603430","         54.91"
"TECHM","EQ","11-Feb-2020","        813.65","        813.00","        821.85","        811.05","        821.00","        819.95","        816.48","    1143705","           933817658.10","      39211","     542696","         47.45"
"TECHM","EQ","12-Feb-2020","        819.95","        820.00","        826.45","        816.80","        821.10","        821.50","        822.35","    1394424","          1146700869.60","      45526","     632198","         45.34"
"TECHM","EQ","13-Feb-2020","        821.50","        822.80","        830.00","        814.35","        828.00","        828.00","        820.38","    1737974","          1425807711.55","      60849","    1046146","         60.19"
"TECHM","EQ","14-Feb-2020","        828.00","        827.00","        838.00","        825.05","        833.00","        834.15","        833.86","    2143044","          1786993118.80","      61957","    1068602","         49.86"
"TECHM","EQ","17-Feb-2020","        834.15","        835.95","        837.00","        827.45","        834.20","        833.25","        832.46","     793328","           660416981.05","      23477","     275998","         34.79"
"TECHM","EQ","18-Feb-2020","        833.25","        825.35","        840.00","        825.35","        838.55","        838.80","        835.87","    1507814","          1260330527.15","      47108","     522022","         34.62"
"TECHM","EQ","19-Feb-2020","        838.80","        839.00","        844.85","        836.05","        842.00","        840.90","        840.39","     881874","           741116722.35","      46482","     266928","         30.27"
"TECHM","EQ","20-Feb-2020","        840.90","        840.15","        845.90","        826.95","        827.45","        829.60","        836.04","    1066232","           891413811.30","      52260","     679688","         63.75"
"TECHM","EQ","24-Feb-2020","        829.60","        828.95","        843.90","        815.75","        822.00","        820.10","        832.88","    2917544","          2429960042.40","      70947","    1278624","         43.83"
"TECHM","EQ","25-Feb-2020","        820.10","        822.00","        826.80","        809.05","        824.95","        822.10","        817.14","    2479975","          2026488864.70","      67477","    1383377","         55.78"
"TECHM","EQ","26-Feb-2020","        822.10","        820.00","        825.50","        808.20","        811.00","        811.45","        817.38","    2212784","          1808686905.90","      73034","    1000060","         45.19"
"TECHM","EQ","27-Feb-2020","        811.45","        807.00","        819.70","        800.20","        808.35","        809.15","        807.52","    1907768","          1540558959.05","      68391","    1006626","         52.76"
"TECHM","EQ","28-Feb-2020","        809.15","        789.80","        808.00","        732.05","        746.25","        744.40","        754.08","    5959364","          4493839991.10","     129459","    3274668","         54.95"
"TECHM","EQ","02-Mar-2020","        744.40","        742.00","        754.45","        734.40","        744.40","        744.55","        745.05","    3784522","          2819652716.45","      99512","    2009190","         53.09"
"TECHM","EQ","03-Mar-2020","        744.55","        750.00","        757.65","        742.10","        755.20","        752.30","        749.25","    2168900","          1625039056.60","      53848","    1050811","         48.45"
"TECHM","EQ","04-Mar-2020","        752.30","        754.00","        774.85","        748.00","        770.00","        771.30","        760.28","    2685540","          2041752643.30","      87743","    1221656","         45.49"
"TECHM","EQ","05-Mar-2020","        771.30","        769.95","        784.00","        752.35","        758.15","        756.10","        770.61","    2126955","          1639063056.30","      94840","     922198","         43.36"
"TECHM","EQ","06-Mar-2020","        756.10","        746.10","        749.75","        731.40","        741.20","        740.40","        742.60","    2004893","          1488833609.75","      65797","    1144174","         57.07"
"TECHM","EQ","09-Mar-2020","        740.40","        715.00","        730.00","        696.55","        703.75","        704.80","        708.12","    3429034","          2428157421.05","     122068","    2006302","         58.51"
"TECHM","EQ","11-Mar-2020","        704.80","        681.00","        713.90","        666.00","        710.80","        708.55","        700.07","    4626235","          3238694414.15","     104365","    2344817","         50.69"
"TECHM","EQ","12-Mar-2020","        708.55","        676.00","        690.00","        637.10","        650.00","        649.85","        657.02","    3796969","          2494693877.05","      91235","    1926295","         50.73"
"TECHM","EQ","13-Mar-2020","        649.85","        603.25","        670.00","        525.90","        663.25","        655.95","        628.93","    4553639","          2863925382.80","     115937","    1939223","         42.59"
"TECHM","EQ","16-Mar-2020","        655.95","        634.80","        634.80","        591.00","        609.90","        603.40","        608.99","    6499358","          3958056619.55","     123457","    3924913","         60.39"
"TECHM","EQ","17-Mar-2020","        603.40","        600.00","        617.95","        583.30","        600.00","        595.45","        605.24","    3333751","          2017728863.40","      91710","    1814804","         54.44"
"TECHM","EQ","18-Mar-2020","        595.45","        600.00","        611.25","        570.65","        581.00","        579.65","        591.47","    3548532","          2098833639.55","      85476","    1620301","         45.66"
"TECHM","EQ","19-Mar-2020","        579.65","        549.65","        577.65","        523.00","        538.80","        530.00","        546.39","    4932164","          2694861622.75","     108237","    2456525","         49.81"
"TECHM","EQ","20-Mar-2020","        530.00","        525.10","        595.45","        525.10","        567.00","        576.35","        568.65","    6316078","          3591614181.90","     117417","    3179016","         50.33"
"TECHM","EQ","23-Mar-2020","        576.35","        540.00","        542.00","        471.40","        494.90","        487.20","        516.26","    2912769","          1503732872.85","      82821","    1685882","         57.88"
"TECHM","EQ","24-Mar-2020","        487.20","        487.00","        533.95","        487.00","        498.00","        503.50","        508.37","    4082147","          2075254661.70","     129792","    1995269","         48.88"
"TECHM","EQ","25-Mar-2020","        503.50","        509.00","        542.85","        507.05","        525.00","        526.70","        523.91","    3664272","          1919732607.70","      94678","    2078178","         56.71"
"TECHM","EQ","26-Mar-2020","        526.70","        539.35","        564.90","        513.00","        519.90","        515.20","        526.81","    5979874","          3150274656.50","     115495","    2851224","         47.68"
"TECHM","EQ","27-Mar-2020","        515.20","        525.00","        538.80","        498.00","        500.50","        504.10","        515.34","    4672189","          2407767505.90","      84744","    2186121","         46.79"
"TECHM","EQ","30-Mar-2020","        504.10","        494.00","        532.35","        485.65","        528.00","        526.80","        522.26","    4138338","          2161296123.90","      98545","    1755252","         42.41"
"TECHM","EQ","31-Mar-2020","        526.80","        537.00","        575.25","        527.85","        562.00","        565.50","        549.27","    3652957","          2006445137.15","      77375","    1780536","         48.74"
"TECHM","EQ","01-Apr-2020","        565.50","        560.00","        560.30","        510.00","        512.35","        511.20","        526.83","    4114437","          2167600229.35","      98040","    2046528","         49.74"
"TECHM","EQ","03-Apr-2020","        511.20","        513.75","        533.15","        510.10","        524.00","        520.90","        521.07","    5826215","          3035871695.15","     126608","    2443907","         41.95"
"TECHM","EQ","07-Apr-2020","        520.90","        536.50","        557.65","        535.75","        547.00","        549.85","        545.87","    3532484","          1928267203.30","      87997","    1553610","         43.98"
"TECHM","EQ","08-Apr-2020","        549.85","        539.95","        569.80","        537.00","        555.30","        558.90","        560.61","    4113059","          2305815828.10","      91104","    2261575","         54.99"
"TECHM","EQ","09-Apr-2020","        558.90","        570.00","        582.70","        537.55","        547.00","        545.25","        548.36","    5917546","          3244961398.40","     100004","    2369472","         40.04"
"TECHM","EQ","13-Apr-2020","        545.25","        551.00","        551.00","        521.75","        528.00","        526.85","        528.94","    3822647","          2021961331.65","      77923","    1772504","         46.37"
"TECHM","EQ","15-Apr-2020","        526.85","        528.00","        548.60","        528.00","        536.75","        538.65","        539.17","    6316300","          3405558990.50","     119521","    4025426","         63.73"
"TECHM","EQ","16-Apr-2020","        538.65","        527.00","        530.00","        508.35","        518.25","        517.65","        515.94","    7001494","          3612354270.70","     220623","    3025456","         43.21"
"TECHM","EQ","17-Apr-2020","        517.65","        529.10","        532.00","        500.00","        511.00","        509.85","        508.08","   10839905","          5507505785.90","     220131","    5804693","         53.55"
"TECHM","EQ","20-Apr-2020","        509.85","        517.95","        531.90","        512.00","        524.10","        524.85","        523.98","    4549099","          2383634277.25","      95346","    1887194","         41.49"
"TECHM","EQ","21-Apr-2020","        524.85","        511.00","        520.00","        505.90","        512.15","        512.95","        513.04","    2950307","          1513638756.00","      76480","    1467362","         49.74"
"TECHM","EQ","22-Apr-2020","        512.95","        512.00","        521.90","        507.05","        520.50","        518.30","        517.41","    2268503","          1173747973.05","      61020","    1018198","         44.88"
"TECHM","EQ","23-Apr-2020","        518.30","        519.00","        527.85","        509.30","        522.00","        523.70","        517.69","    6096448","          3156090251.90","     109439","    2428985","         39.84"
"TECHM","EQ","24-Apr-2020","        523.70","        522.00","        532.60","        502.10","        505.00","        503.45","        515.87","    4817932","          2485403149.95","     105289","    2100283","         43.59"
